SURNAME,CarNumber
RICHARDSON,Y163O8161RUS
ROSS,E432XX77RUS
MORGAN,7184TT36RUS
BAILEY,X582HE161RUS
LOPEZ,92918M178RUS
HOWARD,H234YH197RUS
NELSON,E40577152RUS
WRIGHT,707987163RUS
RIVERA,K330T8197RUS
REYES,X786CO96RUS
PARKER,C477M7161RUS
KING,O21997197RUS
NGUYEN,M592CH197RUS
LOPEZ,9020YC197RUS
SMITH,8182XX154RUS
MYERS,7830C8197RUS
DIAZ,7066C8197RUS
ROBINSON,M298CH161RUS
MORGAN,E445TC197RUS
JONES,8440XX154RUS
BAKER,9371CE154RUS
CRUZ,9182CE154RUS
RAMOS,83298C154RUS
MARTINEZ,Y7659C197RUS
MORGAN,C922YE197RUS
WRIGHT,7364C8197RUS
LOPEZ,M5039X197RUS
MITCHELL,8603T8154RUS
BAKER,92928M178RUS
RUIZ,O672E8197RUS
HOWARD,E42277152RUS
WALKER,C903MC161RUS
HERNANDEZ,T7318T163RUS
CHAVEZ,Y7719C197RUS
SANDERS,T011MY163RUS
COOK,H115YO163RUS
BENNETT,73467Y96RUS
SMITH,O134HE197RUS
TURNER,H968HY161RUS
GRAY,Y654E8750RUS
CAMPBELL,H963HY161RUS
RUIZ,H232YH197RUS
ADAMS,7843C8197RUS
BAKER,X791O796RUS
RAMIREZ,H958HY161RUS
MORRIS,708587163RUS
YOUNG,Y973O8197RUS
BAILEY,97977H178RUS
ROBINSON,H917TC36RUS
GUTIERREZ,Y7709C197RUS
GUTIERREZ,8513XX154RUS
ROBINSON,T870X7163RUS
GARCIA,8818C877RUS
HARRIS,T395OT197RUS
TURNER,K327T8197RUS
HARRIS,8311XX154RUS
PARKER,X423MK197RUS
GARCIA,96429X178RUS
ROSS,O275O7161RUS
MITCHELL,7789KT197RUS
PETERSON,E28877161RUS
REED,T6068M116RUS
HERNANDEZ,9498KX178RUS
BROWN,99209X178RUS
MURPHY,T6449O50RUS
MARTINEZ,9683EC178RUS
WHITE,Y353O8197RUS
FOSTER,O719MM163RUS
GARCIA,E535MM199RUS
PATEL,Y352O8197RUS
GARCIA,7788KT197RUS
WARD,E807HE77RUS
ROGERS,M516CH161RUS
LONG,89587X197RUS
JIMENEZ,7781KT197RUS
BAKER,E645TH36RUS
KIM,Y302E877RUS
CRUZ,M058XE36RUS
JIMENEZ,8166XX154RUS
WILSON,M589CH197RUS
BAILEY,9408H7178RUS
HILL,H387TM197RUS
MARTINEZ,8049HT125RUS
WILSON,9698MO178RUS
MORRIS,8685HE154RUS
COOPER,7177TT36RUS
YOUNG,O77997197RUS
ALLEN,Y234E877RUS
MENDOZA,97987H178RUS
ALLEN,X257HE161RUS
GONZALEZ,T399KX197RUS
HERNANDEZ,H957HY161RUS
HARRIS,K379HY161RUS
HALL,T654HT96RUS
PETERSON,8439XX154RUS
TAYLOR,Y965EE197RUS
RIVERA,X758HY197RUS
WATSON,M0279X197RUS
TORRES,H224X836RUS
SANCHEZ,E6849O154RUS
PHILLIPS,O83797197RUS
ALLEN,9402KK197RUS
PEREZ,7368C8197RUS
ROSS,H427YH197RUS
HERNANDEZ,9583EY178RUS
MARTIN,Y038E877RUS
HERNANDEZ,9822H8161RUS
CASTILLO,7826C8197RUS
CASTILLO,E160YX77RUS
RODRIGUEZ,82337X197RUS
MORALES,X757HY197RUS
HUGHES,X765HY197RUS
TAYLOR,934497178RUS
SANCHEZ,K2807K154RUS
RICHARDSON,T8008Y125RUS
GREEN,Y960EE197RUS
ANDERSON,7840C8197RUS
WHITE,K846YE77RUS
JAMES,7827C8197RUS
LEWIS,Y655E8750RUS
WARD,H003MH197RUS
FOSTER,Y7699C197RUS
PEREZ,Y8399C197RUS
JONES,9135X938RUS
ALLEN,H385TM197RUS
WARD,9428EX178RUS
RUIZ,H837YK197RUS
NGUYEN,O83597197RUS
GARCIA,E42577152RUS
HOWARD,E53277152RUS
CARTER,C476M7161RUS
RICHARDSON,9943KK197RUS
PRICE,8165XX154RUS
GRAY,T476KX197RUS
COOPER,C422X938RUS
HILL,K328T8197RUS
JONES,9466EX178RUS
ADAMS,X256HE161RUS
MORGAN,Y275O8197RUS
GUTIERREZ,H217X836RUS
ROGERS,Y316E877RUS
ALLEN,8601XX154RUS
ROGERS,M741T9152RUS
PEREZ,9883HX152RUS
HUGHES,Y6829Y50RUS
NGUYEN,H004MH197RUS
MITCHELL,704987163RUS
ADAMS,E316EH197RUS
ANDERSON,O22297197RUS
BROOKS,O02597197RUS
HARRIS,X015HY197RUS
THOMPSON,T769OT197RUS
MITCHELL,Y778EE197RUS
YOUNG,7829C8197RUS
WHITE,T272HH163RUS
CARTER,T018OX197RUS
WATSON,Y255E877RUS
FLORES,9697MO178RUS
KIM,T686EO197RUS
JIMENEZ,C590EY154RUS
WHITE,T941CC96RUS
CHAVEZ,O22397197RUS
HOWARD,X242EC197RUS
WRIGHT,T020OX197RUS
SANDERS,E33577152RUS
TURNER,E773EH197RUS
HALL,T6428M116RUS
LOPEZ,Y7129Y50RUS
ROSS,Y418EX197RUS
TORRES,Y7689C197RUS
CRUZ,E52877152RUS
COLLINS,7369C8197RUS
ANDERSON,Y166O8161RUS
GOMEZ,705287163RUS
KING,K559KC161RUS
CHAVEZ,M0299X197RUS
PEREZ,84418C154RUS
RAMIREZ,E53488152RUS
MOORE,90159H178RUS
RIVERA,C798ET50RUS
MARTIN,Y193O8161RUS
ANDERSON,7248C8197RUS
EVANS,K357YE77RUS
BAKER,E0697X152RUS
CASTILLO,E40877152RUS
DAVIS,Y351O8197RUS
YOUNG,Y356O8197RUS
WRIGHT,O6939X163RUS
JIMENEZ,Y7649C197RUS
CASTILLO,9935TE152RUS
ADAMS,704687163RUS
RAMIREZ,7197TT36RUS
KIM,O143HO197RUS
PEREZ,K436MO152RUS
TURNER,9938OH154RUS
STEWART,E34877152RUS
RUIZ,E5878M777RUS
CLARK,7844C8197RUS
ROSS,C584EY154RUS
KELLY,E28977161RUS
FLORES,T016OX197RUS
ALVAREZ,H889YK197RUS
ROSS,7363C8197RUS
ROBERTS,T6039O50RUS
GRAY,7365C8197RUS
MARTIN,Y967O8197RUS
SCOTT,E816HE77RUS
SANDERS,T6329O50RUS
THOMAS,X504X8197RUS
TURNER,M581CH197RUS
RUIZ,X523OM161RUS
ROGERS,C412X938RUS
BROOKS,7831C8197RUS
WOOD,8164XX154RUS
LEE,T6419O50RUS
CARTER,E822TH36RUS
HALL,8437XX154RUS
EVANS,C515X938RUS
PATEL,7172TT36RUS
COX,8436XX154RUS
ALLEN,E79988152RUS
RAMIREZ,8180XX154RUS
MOORE,84438C154RUS
TAYLOR,T6309O50RUS
EDWARDS,T6129O50RUS
RIVERA,K339T8197RUS
CASTILLO,X782CO96RUS
COOK,E591HE77RUS
RODRIGUEZ,9499KX178RUS
YOUNG,Y357O8197RUS
SCOTT,Y652O8197RUS
JIMENEZ,X767HY197RUS
RICHARDSON,H220X836RUS
HARRIS,H218X836RUS
CRUZ,T913CT197RUS
PHILLIPS,T6439O50RUS
PHILLIPS,7784KT197RUS
RICHARDSON,X286TC36RUS
ORTIZ,O752MX161RUS
GARCIA,Y7449Y50RUS
MOORE,92828M178RUS
MORGAN,Y650E8750RUS
LEWIS,8321XX154RUS
GOMEZ,8316XX154RUS
PETERSON,T017OX197RUS
ALLEN,H977HY161RUS
THOMPSON,X522OM161RUS
ROBERTS,O085E8197RUS
STEWART,705387163RUS
GUTIERREZ,O017KO197RUS
ROBERTS,X4138H125RUS
MOORE,8441XX154RUS
JAMES,M0269X197RUS
HERNANDEZ,T483CT96RUS
WRIGHT,T940CC96RUS
ROBERTS,C58078163RUS
BAKER,O02397197RUS
ALLEN,8611T8154RUS
MORGAN,704787163RUS
REED,C313MM99RUS
WRIGHT,X763HY197RUS
RODRIGUEZ,M386M9197RUS
DIAZ,8605T8154RUS
RODRIGUEZ,7147OE161RUS
WARD,7361C8197RUS
ANDERSON,Y359EY197RUS
MORGAN,T6559O50RUS
JOHNSON,9469EX178RUS
PATEL,Y6839Y50RUS
ROSS,H237YH197RUS
JACKSON,T948OM96RUS
MOORE,T395KX197RUS
NELSON,M301CH161RUS
ANDERSON,9496KX178RUS
GRAY,T6319O50RUS
RICHARDSON,H305T8197RUS
LONG,8201XX154RUS
COX,O64297197RUS
KING,9523M8178RUS
RAMOS,Y273O8197RUS
ALLEN,T6229O50RUS
MARTIN,X023HY197RUS
GUTIERREZ,8226XX154RUS
JAMES,Y038TO197RUS
SCOTT,M0289X197RUS
LEWIS,E811HE77RUS
TAYLOR,X795O796RUS
WOOD,O39997197RUS
MARTIN,97968K152RUS
EVANS,H219X836RUS
ROBINSON,T6169O50RUS
THOMAS,94178K154RUS
MITCHELL,9467EX178RUS
REED,O78097197RUS
KING,X5707X161RUS
CRUZ,Y232E877RUS
NELSON,Y388E877RUS
MORRIS,X255HE161RUS
GREEN,E552MO152RUS
WILLIAMS,97998K152RUS
GOMEZ,Y963O8197RUS
EDWARDS,T477KX197RUS
MURPHY,T2639T116RUS
FLORES,O49797197RUS
MITCHELL,O68897197RUS
HILL,72457Y96RUS
DAVIS,7064C8197RUS
ROBINSON,E948C8152RUS
RAMIREZ,C514X938RUS
THOMAS,C589EY154RUS
BAKER,K899T8197RUS
RUIZ,T6418M116RUS
HERNANDEZ,8607XX154RUS
HARRIS,92778M178RUS
WALKER,T288CT96RUS
COOK,9886HX152RUS
MARTIN,C583EY154RUS
WRIGHT,C592EY154RUS
MOORE,T6459O50RUS
GONZALEZ,X759HY197RUS
HOWARD,705787163RUS
WATSON,92898M178RUS
HOWARD,9671EC178RUS
BAILEY,M302CH161RUS
CARTER,M578CH197RUS
FOSTER,Y207O8161RUS
FOSTER,96659X178RUS
PARKER,T912CT197RUS
MORGAN,7183TT36RUS
RODRIGUEZ,89557X197RUS
ALVAREZ,Y359O8197RUS
BENNETT,K2817K154RUS
MITCHELL,Y964O8197RUS
THOMPSON,H967HY161RUS
PARKER,E394MO152RUS
SANCHEZ,O50699163RUS
TURNER,9463EX178RUS
WARD,E53677152RUS
KING,K338T8197RUS
PRICE,Y4298M777RUS
EVANS,Y687HM197RUS
BROOKS,98037H178RUS
KELLY,7828C8197RUS
HALL,H980HY161RUS
WHITE,H906YK197RUS
COLLINS,7199MT197RUS
LOPEZ,X908XC197RUS
LEE,T171CC96RUS
BROOKS,X4108H125RUS
WHITE,Y966O8197RUS
THOMPSON,K2797K154RUS
WATSON,7089H8163RUS
TORRES,7841C8197RUS
RUIZ,9940KK197RUS
CRUZ,H971HY161RUS
CHAVEZ,H844YH197RUS
FOSTER,E33477152RUS
GOMEZ,Y156E877RUS
PHILLIPS,E396MO152RUS
LOPEZ,Y969O8197RUS
GREEN,9028CO161RUS
RICHARDSON,T6249O50RUS
CARTER,E42377152RUS
ALLEN,9941KK197RUS
COX,M372CH197RUS
MYERS,K040CC197RUS
WARD,E41577152RUS
TORRES,9763HY161RUS
JAMES,T535ET96RUS
GREEN,H961HY161RUS
HARRIS,M2169X197RUS
ORTIZ,8234XX154RUS
BROOKS,O83697197RUS
MARTIN,E52677152RUS
ADAMS,8451M7154RUS
TORRES,9589EY178RUS
NELSON,H907YK197RUS
TAYLOR,O39897197RUS
REYES,M3879X197RUS
HUGHES,C299K9154RUS
RIVERA,9468EX178RUS
ROBINSON,M375CH197RUS
HALL,H982HY161RUS
GREEN,8224XX154RUS
GOMEZ,Y653E8750RUS
CASTILLO,K558KC161RUS
GREEN,O058M7161RUS
RAMIREZ,M256OH161RUS
MYERS,T242H8197RUS
BENNETT,K27188138RUS
PARKER,96629X178RUS
YOUNG,9881HX152RUS
FLORES,T479KX197RUS
LONG,M680T9152RUS
MARTINEZ,C410X938RUS
JIMENEZ,X762HY197RUS
COOK,9470EX178RUS
CARTER,X4128H125RUS
SMITH,9762HY161RUS
REYES,H419XE197RUS
WATSON,98017H178RUS
CRUZ,Y780EE197RUS
BAKER,M580CH197RUS
MORALES,9943OH154RUS
SANDERS,Y354O8197RUS
BROWN,7065C8197RUS
ROGERS,E28777161RUS
SCOTT,M701T9152RUS
ADAMS,E577HE77RUS
YOUNG,92788M178RUS
BROOKS,9072EM178RUS
GOMEZ,9409H7178RUS
TURNER,C3829X154RUS
KING,T478KX197RUS
RUIZ,T119CT96RUS
HARRIS,708487163RUS
STEWART,H983HY161RUS
PATEL,7842C8197RUS
HERNANDEZ,O64097197RUS
SMITH,Y693HM197RUS
SMITH,96857X197RUS
ALVAREZ,T394KX197RUS
ROGERS,O49897197RUS
ROSS,H963X936RUS
PEREZ,T341CC96RUS
EVANS,9942KK197RUS
ANDERSON,9141H8178RUS
LONG,7370C8197RUS
ADAMS,9890HX152RUS
WILSON,M268CH197RUS
THOMAS,C419X938RUS
FOSTER,M0319X197RUS
PRICE,M577CH197RUS
RAMIREZ,H975HY161RUS
GUTIERREZ,X018HY197RUS
STEWART,E33177152RUS
MENDOZA,9491H7178RUS
RAMIREZ,M374CH197RUS
PATEL,96679X178RUS
BENNETT,9594HY161RUS
LONG,83218C154RUS
ORTIZ,9764HY161RUS
CLARK,708187163RUS
GOMEZ,H908YK197RUS
ROGERS,Y656E8750RUS
CAMPBELL,9679EC178RUS
SMITH,C803KE163RUS
LONG,Y7379Y50RUS
ALVAREZ,X320MK197RUS
COOK,96907X197RUS
MENDOZA,H235YH197RUS
KIM,9474EX178RUS
SANCHEZ,Y8259C197RUS
JONES,E29577161RUS
LEE,X761HY197RUS
RIVERA,T396KX197RUS
COOK,C593EY154RUS
RICHARDSON,Y164O8161RUS
ALVAREZ,M942OT152RUS
HUGHES,Y7429Y50RUS
JOHNSON,H976HY161RUS
ANDERSON,Y195O8161RUS
FOSTER,O669E8197RUS
COOK,Y187O8161RUS
FOSTER,K329T8197RUS
WALKER,9677MO178RUS
LOPEZ,9939KK197RUS
STEWART,M373CH197RUS
EDWARDS,7164YM36RUS
MURPHY,O753MX161RUS
MARTINEZ,T6488M116RUS
CAMPBELL,98047H178RUS
BAKER,9488EY178RUS
EVANS,O481OH77RUS
GREEN,K326T8197RUS
WATSON,X796TH96RUS
ROBINSON,Y358O8197RUS
CARTER,C420X938RUS
PETERSON,Y965O8197RUS
BAILEY,Y274O8197RUS
WRIGHT,E223YM197RUS
GARCIA,Y964EE197RUS
BENNETT,T6049O50RUS
NELSON,H259HY161RUS
YOUNG,Y344E877RUS
JOHNSON,K889HY161RUS
GUTIERREZ,H214X836RUS
CLARK,O421OT161RUS
LOPEZ,7360C8197RUS
ROBERTS,Y194O8161RUS
LONG,T6359O50RUS
LEWIS,E29677161RUS
MYERS,T020MM116RUS
THOMAS,9502XX38RUS
REED,8521XX154RUS
WATSON,K376HE161RUS
RAMOS,7193TT36RUS
MURPHY,O785T9163RUS
GARCIA,H618YC38RUS
THOMPSON,9068EM178RUS
SANDERS,7783KT197RUS
BROOKS,Y305E877RUS
HALL,E881OT197RUS
GREEN,O718MM163RUS
RAMIREZ,9975CC77RUS
LEWIS,T195OK161RUS
HERNANDEZ,T914CT197RUS
BAKER,E41977152RUS
MARTIN,9464EX178RUS
WRIGHT,O50197197RUS
HILL,7608EE777RUS
SMITT,A29677161RUS
LI,B9677161RUS
NORRIS,999999999RUS
